date,gym,room,machine,machineId,set,weight,reps,duration,level,incline,hr,notes
2026-08-04,Common Machines,Bodyweight — No Equipment,Squats,squats,1,,15,,,,,
2026-08-04,Common Machines,Bodyweight — No Equipment,Squats,squats,2,,15,,,,,
2026-08-04,Common Machines,Bodyweight — No Equipment,Squats,squats,3,,15,,,,,
2026-08-04,Common Machines,Bodyweight — No Equipment,Lunges,lunges,1,,10,,,,,
2026-08-04,Common Machines,Bodyweight — No Equipment,Lunges,lunges,2,,10,,,,,
2026-08-04,Common Machines,Bodyweight — No Equipment,Lunges,lunges,3,,10,,,,,
2026-08-04,Common Machines,Bodyweight — No Equipment,Wall Sits,wall-sits,1,,,30,,,,
2026-08-04,Common Machines,Bodyweight — No Equipment,Wall Sits,wall-sits,2,,,30,,,,
2026-08-04,Common Machines,Bodyweight — No Equipment,Wall Sits,wall-sits,3,,,30,,,,
2026-08-04,Common Machines,Bodyweight — No Equipment,High Planks,high-planks,1,,,35,,,,
2026-08-04,Common Machines,Bodyweight — No Equipment,High Planks,high-planks,2,,,35,,,,
2026-08-04,Common Machines,Bodyweight — No Equipment,High Planks,high-planks,3,,,35,,,,
2026-08-04,Common Machines,Bodyweight — No Equipment,Bridges,bridges,1,,15,,,,,
2026-08-04,Common Machines,Bodyweight — No Equipment,Bridges,bridges,2,,15,,,,,
2026-08-04,Common Machines,Bodyweight — No Equipment,Bridges,bridges,3,,15,,,,,
2026-08-04,Common Machines,Bodyweight — No Equipment,Side Planks,side-planks,1,,,25,,,,
2026-08-04,Common Machines,Bodyweight — No Equipment,Side Planks,side-planks,2,,,25,,,,
2026-08-04,Common Machines,Bodyweight — No Equipment,Side Planks,side-planks,3,,,25,,,,
2026-08-03,Admirals Cove,Aerobic Area,Treadmill,m1785620353523,1,,,5,3.3,5,100,
2026-08-03,Admirals Cove,Aerobic Area,Treadmill,m1785620353523,2,,,5,3.3,7.5,114,
2026-08-03,Admirals Cove,Aerobic Area,Treadmill,m1785620353523,3,,,5,3.3,10,125,
2026-08-03,Admirals Cove,Aerobic Area,Treadmill,m1785620353523,4,,,5,3.3,12.5,135,
2026-08-03,Admirals Cove,Aerobic Area,Treadmill,m1785620353523,5,,,5,3.3,2.5,100,
2026-08-03,Admirals Cove,Machines,Chest press,m1785006554823,1,55,10,,,,,
2026-08-03,Admirals Cove,Machines,Chest press,m1785006554823,2,75,10,,,,,
2026-08-03,Admirals Cove,Machines,Chest press,m1785006554823,3,95,10,,,,,
2026-08-03,Admirals Cove,Machines,Chest press,m1785006554823,4,115,10,,,,,
2026-08-03,Admirals Cove,Machines,Chest press,m1785006554823,5,125,10,,,,,
2026-08-03,Admirals Cove,Machines,Pec Fly,m1785006589359,1,30,10,,,,,
2026-08-03,Admirals Cove,Machines,Pec Fly,m1785006589359,2,40,10,,,,,
2026-08-03,Admirals Cove,Machines,Pec Fly,m1785006589359,3,50,10,,,,,
2026-08-03,Admirals Cove,Machines,Reverse Fly,m1785006624353,1,20,10,,,,,
2026-08-03,Admirals Cove,Machines,Reverse Fly,m1785006624353,2,25,10,,,,,
2026-08-03,Admirals Cove,Machines,Reverse Fly,m1785006624353,3,30,10,,,,,
2026-08-03,Admirals Cove,Machines,Arm Extension,m1785618661120,1,35,10,,,,,
2026-08-03,Admirals Cove,Machines,Arm Extension,m1785618661120,2,55,10,,,,,
2026-08-03,Admirals Cove,Machines,Arm Extension,m1785618661120,3,75,10,,,,,
2026-08-03,Admirals Cove,Machines,Arm Extension,m1785618661120,4,95,10,,,,,
2026-08-03,Common Machines,Free Weights,Overhead Tricep Extension,overhead-tricep-extension,1,25,10,,,,,
2026-08-03,Common Machines,Free Weights,Overhead Tricep Extension,overhead-tricep-extension,2,30,10,,,,,
2026-08-03,Common Machines,Free Weights,Overhead Tricep Extension,overhead-tricep-extension,3,35,10,,,,,
2026-08-03,Common Machines,Free Weights,Overhead Tricep Extension,overhead-tricep-extension,4,40,10,,,,,
2026-08-03,Common Machines,Free Weights,Standing Dumbbell Curl,standing-dumbbell-curl,1,15,10,,,,,
2026-08-03,Common Machines,Free Weights,Standing Dumbbell Curl,standing-dumbbell-curl,2,20,10,,,,,
2026-08-03,Common Machines,Free Weights,Standing Dumbbell Curl,standing-dumbbell-curl,3,25,5,,,,,
2026-08-03,Admirals Cove,Machines,Decline Ab Bench Situps,m1785007780604,1,,20,,,,,2nd set was twisting
2026-08-03,Admirals Cove,Machines,Decline Ab Bench Situps,m1785007780604,2,,20,,,,,
2026-08-03,Admirals Cove,Machines,Decline Ab Bench Situps,m1785007780604,3,,20,,,,,
2026-08-03,Admirals Cove,Machines,Reverse Sit Ups,m1785177917318,1,,15,,,,,
2026-08-03,Admirals Cove,Machines,Reverse Sit Ups,m1785177917318,2,,20,,,,,
2026-08-03,Admirals Cove,Machines,Reverse Sit Ups,m1785177917318,3,,15,,,,,
2026-08-03,Admirals Cove,Aerobic Area,Climb (Stair Climber),m1785619527962,1,,,3,,1,,3 minutes on level 1 4 minutes on level 5 Heart rate was inconsistent between watch and machine
2026-08-03,Admirals Cove,Aerobic Area,Climb (Stair Climber),m1785619527962,2,,,4,,5,,
2026-08-03,Admirals Cove,Aerobic Area,Climb (Stair Climber),m1785619527962,3,,,,,,,
2026-08-03,Common Machines,Outdoor Activities,Walk,walk,1,,,56.38,3.33,,,
2026-08-02,Admirals Cove,Aerobic Area,Arm Bike,m1785619397049,1,,,3,,1,,Avg heart rate 156 Max heart rate 202
2026-08-02,Admirals Cove,Aerobic Area,Arm Bike,m1785619397049,2,,,2,,10,,
2026-08-02,Admirals Cove,Aerobic Area,Arm Bike,m1785619397049,3,,,2,,15,,
2026-08-02,Admirals Cove,Machines,Leg Extension,m1785005305369,1,35,10,,,,,
2026-08-02,Admirals Cove,Machines,Leg Extension,m1785005305369,2,45,12,,,,,
2026-08-02,Admirals Cove,Machines,Leg Extension,m1785005305369,3,55,10,,,,,
2026-08-02,Admirals Cove,Machines,Leg Extension,m1785005305369,4,65,12,,,,,
2026-08-02,Admirals Cove,Machines,Leg Curl,m1785701695686,1,20,10,,,,,Seat at 3  lever at 8
2026-08-02,Admirals Cove,Machines,Leg Curl,m1785701695686,2,30,10,,,,,
2026-08-02,Admirals Cove,Machines,Leg Curl,m1785701695686,3,40,10,,,,,
2026-08-02,Admirals Cove,Machines,Leg Press,m1785005256712,1,80,15,,,,,3 positions
2026-08-02,Admirals Cove,Machines,Leg Press,m1785005256712,2,100,10,,,,,
2026-08-02,Admirals Cove,Machines,Leg Press,m1785005256712,3,120,10,,,,,
2026-08-02,Admirals Cove,Machines,Adductor,m1785006115413,1,45,15,,,,,
2026-08-02,Admirals Cove,Machines,Adductor,m1785006115413,2,55,10,,,,,
2026-08-02,Admirals Cove,Machines,Adductor,m1785006115413,3,50,10,,,,,
2026-08-02,Admirals Cove,Machines,Abductor,m1785006086200,1,55,10,,,,,85 was too much. Not great form
2026-08-02,Admirals Cove,Machines,Abductor,m1785006086200,2,65,10,,,,,
2026-08-02,Admirals Cove,Machines,Abductor,m1785006086200,3,75,10,,,,,
2026-08-02,Admirals Cove,Machines,Abductor,m1785006086200,4,85,10,,,,,
2026-08-02,Admirals Cove,Aerobic Area,Slat Belt Treadmill (electric),m1785619713315,1,,,4,3.3,,,
2026-08-02,Admirals Cove,Aerobic Area,Slat Belt Treadmill (electric),m1785619713315,2,,,4,3.3,15,,
2026-08-02,Admirals Cove,Aerobic Area,Slat Belt Treadmill (electric),m1785619713315,3,,,6,3.3,,,
2026-08-02,Admirals Cove,Aerobic Area,Slat Belt Treadmill (electric),m1785619713315,4,,,4,3.3,15,,
2026-08-01,Admirals Cove,Admirals Cove,Reverse Fly,m1785006624353,1,15,10,,,,,
2026-08-01,Admirals Cove,Admirals Cove,Reverse Fly,m1785006624353,2,20,10,,,,,
2026-08-01,Admirals Cove,Admirals Cove,Reverse Fly,m1785006624353,3,25,10,,,,,
2026-08-01,Admirals Cove,Admirals Cove,Vertical Traction,m1785616487088,1,70,10,,,,,
2026-08-01,Admirals Cove,Admirals Cove,Vertical Traction,m1785616487088,2,80,10,,,,,
2026-08-01,Admirals Cove,Admirals Cove,Vertical Traction,m1785616487088,3,90,10,,,,,
2026-08-01,Admirals Cove,Admirals Cove,Decline Ab Bench Situps,m1785007780604,1,,20,,,,,
2026-08-01,Admirals Cove,Admirals Cove,Decline Ab Bench Situps,m1785007780604,2,,20,,,,,
2026-08-01,Admirals Cove,Admirals Cove,Decline Ab Bench Situps,m1785007780604,3,,20,,,,,
2026-08-01,Admirals Cove,Admirals Cove,Reverse Sit Ups,m1785177917318,1,,20,,,,,Was hurting a little at end of second set
2026-08-01,Admirals Cove,Admirals Cove,Reverse Sit Ups,m1785177917318,2,,20,,,,,
2026-08-01,Admirals Cove,Admirals Cove,Pull Down,m1785618228257,1,70,10,,,,,
2026-08-01,Admirals Cove,Admirals Cove,Pull Down,m1785618228257,2,90,10,,,,,
2026-08-01,Admirals Cove,Admirals Cove,Pull Down,m1785618228257,3,110,10,,,,,
2026-08-01,Admirals Cove,Admirals Cove,Skillmill (manual treadmill),m1785618032217,1,,1,,,,,This would be more of a timed machine  like a treadmill.  Not sure what to do with this.
2026-08-01,Admirals Cove,Admirals Cove,Hip Thrust,m1785618137870,1,,1,,,,,Couldn't figure out what to do with this machine.
2026-08-01,Admirals Cove,Admirals Cove,Arm Extension,m1785618661120,1,30,20,,,,,
2026-08-01,Admirals Cove,Admirals Cove,Arm Extension,m1785618661120,2,50,20,,,,,
2026-08-01,Admirals Cove,Admirals Cove,Arm Extension,m1785618661120,3,70,15,,,,,
2026-08-01,Admirals Cove,Machines,Cable Pulldown,m1785617007828,1,20,20,,,,,
2026-08-01,Admirals Cove,Machines,Cable Pulldown,m1785617007828,2,35,15,,,,,
2026-08-01,Admirals Cove,Machines,Cable Pulldown,m1785617007828,3,50,10,,,,,
2026-08-01,Admirals Cove,Machines,Low row,m1785617676094,1,60,10,,,,,
2026-08-01,Admirals Cove,Machines,Low row,m1785617676094,2,70,10,,,,,
2026-08-01,Admirals Cove,Machines,Low row,m1785617676094,3,80,10,,,,,
2026-08-01,Common Machines,Bodyweight — No Equipment,High Planks,high-planks,1,,40,,,,,Reps = seconds
2026-08-01,Common Machines,Bodyweight — No Equipment,Elbow Planks,elbow-planks,1,,30,,,,,Reps = seconds
2026-08-01,Common Machines,Bodyweight — No Equipment,Elbow Planks,elbow-planks,2,,40,,,,,
2026-08-01,Common Machines,Bodyweight — Light Equipment,Pull-ups,pull-ups,1,,5,,,,,
2026-08-01,Common Machines,Bodyweight — Light Equipment,Pull-ups,pull-ups,2,,3,,,,,
2026-07-31,Portofino Gym,Weight Room,Seated Leg Press Machine,pw06,1,65,10,,,,,3 positions each: high center  high wide  and low center
2026-07-31,Portofino Gym,Weight Room,Seated Leg Press Machine,pw06,2,80,10,,,,,
2026-07-31,Portofino Gym,Weight Room,Seated Leg Press Machine,pw06,3,95,10,,,,,
2026-07-31,Portofino Gym,Machines Room,Seated Leg Extension Machine,pm05,1,45,15,,,,,
2026-07-31,Portofino Gym,Machines Room,Seated Leg Extension Machine,pm05,2,65,15,,,,,
2026-07-31,Portofino Gym,Machines Room,Seated Leg Extension Machine,pm05,3,90,15,,,,,
2026-07-31,Portofino Gym,Machines Room,Seated Chest Press Machine,pm03,1,60,15,,,,,
2026-07-31,Portofino Gym,Machines Room,Seated Chest Press Machine,pm03,2,85,15,,,,,
2026-07-31,Portofino Gym,Machines Room,Seated Chest Press Machine,pm03,3,95,15,,,,,
2026-07-31,Portofino Gym,Machines Room,Seated Leg Curl Machine,pm06,1,50,10,,,,,65 was a lot
2026-07-31,Portofino Gym,Machines Room,Seated Leg Curl Machine,pm06,2,55,10,,,,,
2026-07-31,Portofino Gym,Machines Room,Seated Leg Curl Machine,pm06,3,65,8,,,,,
2026-07-31,Portofino Gym,Machines Room,Seated Leg Curl Machine,pm06,4,35,5,,,,,
2026-07-31,Portofino Gym,Machines Room,Hip Abduction Machine,pm11,1,70,10,,,,,Felt fine
2026-07-31,Portofino Gym,Machines Room,Hip Abduction Machine,pm11,2,100,10,,,,,
2026-07-31,Portofino Gym,Machines Room,Hip Abduction Machine,pm11,3,130,10,,,,,
2026-07-31,Portofino Gym,Machines Room,Hip Abduction Machine,pm11,4,145,10,,,,,
2026-07-31,Portofino Gym,Machines Room,Hip Adduction Machine,pm12,1,90,15,,,,,
2026-07-31,Portofino Gym,Machines Room,Hip Adduction Machine,pm12,2,120,15,,,,,
2026-07-31,Portofino Gym,Machines Room,Hip Adduction Machine,pm12,3,150,15,,,,,
2026-07-31,Portofino Gym,Machines Room,Glute Isolator,pm14,1,65,15,,,,,
2026-07-31,Portofino Gym,Machines Room,Glute Isolator,pm14,2,85,15,,,,,
2026-07-31,Portofino Gym,Machines Room,Glute Isolator,pm14,3,105,15,,,,,
2026-07-31,Portofino Gym,Machines Room,Adjustable Decline Abdominal Bench,pm01,1,,20,,,,,
2026-07-31,Portofino Gym,Machines Room,Adjustable Decline Abdominal Bench,pm01,2,,20,,,,,
2026-07-31,Portofino Gym,Machines Room,Adjustable Decline Abdominal Bench,pm01,3,,20,,,,,
2026-07-31,Portofino Gym,Weight Room,Plate-Loaded Seated Calf Raise,pw08,1,15,15,,,,,
2026-07-31,Portofino Gym,Weight Room,Plate-Loaded Seated Calf Raise,pw08,2,20,15,,,,,
2026-07-31,Portofino Gym,Weight Room,Plate-Loaded Seated Calf Raise,pw08,3,25,15,,,,,
2026-07-31,Portofino Gym,Aerobic Room,Norwegian 4x4,m1783607463121,1,,,5,3.3,0,80,
2026-07-31,Portofino Gym,Aerobic Room,Norwegian 4x4,m1783607463121,2,,,4,3.3,15,140,
2026-07-31,Portofino Gym,Aerobic Room,Norwegian 4x4,m1783607463121,3,,,4,3.5,0,95,
2026-07-31,Portofino Gym,Aerobic Room,Norwegian 4x4,m1783607463121,4,,,4,3.5,15,150,
2026-07-31,Portofino Gym,Aerobic Room,Norwegian 4x4,m1783607463121,5,,,4,3.5,0,100,
2026-07-31,Portofino Gym,Aerobic Room,Norwegian 4x4,m1783607463121,6,,,4,3.5,15,155,
2026-07-31,Portofino Gym,Aerobic Room,Norwegian 4x4,m1783607463121,7,,,4,3.5,0,105,
2026-07-31,Portofino Gym,Aerobic Room,Norwegian 4x4,m1783607463121,8,,,3,3.5,15,155,
2026-07-30,Portofino Gym,Aerobic Room,Treadmill,pa05,1,,,5,3.3,0,86,
2026-07-30,Portofino Gym,Aerobic Room,Treadmill,pa05,2,,,5,3.5,0,91,
2026-07-30,Portofino Gym,Aerobic Room,Treadmill,pa05,3,,,5,3.7,0,96,
2026-07-30,Portofino Gym,Aerobic Room,Treadmill,pa05,4,,,5,3.9,0,101,
2026-07-30,Portofino Gym,Machines Room,Seated Row Machine,pm02,1,60,15,,,,,
2026-07-30,Portofino Gym,Machines Room,Seated Row Machine,pm02,2,80,12,,,,,
2026-07-30,Portofino Gym,Machines Room,Seated Row Machine,pm02,3,105,10,,,,,
2026-07-30,Portofino Gym,Machines Room,Seated Row Machine,pm02,4,120,10,,,,,
2026-07-30,Portofino Gym,Weight Room,Lat Pulldown Machine,pw02,1,50,15,,,,,
2026-07-30,Portofino Gym,Weight Room,Lat Pulldown Machine,pw02,2,65,12,,,,,
2026-07-30,Portofino Gym,Weight Room,Lat Pulldown Machine,pw02,3,80,10,,,,,
2026-07-30,Portofino Gym,Weight Room,Lat Pulldown Machine,pw02,4,95,10,,,,,
2026-07-30,Portofino Gym,Machines Room,Seated Biceps Curl Machine,pm10,1,40,12,,,,,The geometry of this machine is uncomfortable and I would prefer to use the seated preacher than this machine.
2026-07-30,Portofino Gym,Machines Room,Seated Biceps Curl Machine,pm10,2,55,12,,,,,
2026-07-30,Portofino Gym,Machines Room,Seated Biceps Curl Machine,pm10,3,70,4,,,,,
2026-07-30,Portofino Gym,Machines Room,Seated Biceps Curl Machine,pm10,4,,,,,,,
2026-07-30,Portofino Gym,Machines Room,Seated Shoulder Press,pm08,1,30,12,,,,,Keep hands in vertical position
2026-07-30,Portofino Gym,Machines Room,Seated Shoulder Press,pm08,2,45,10,,,,,
2026-07-30,Portofino Gym,Machines Room,Seated Shoulder Press,pm08,3,60,10,,,,,
2026-07-27,Admirals Cove,,Leg Press,m1785005256712,1,80,10,,,,,Three positions each
2026-07-27,Admirals Cove,,Leg Press,m1785005256712,2,100,10,,,,,
2026-07-27,Admirals Cove,,Leg Press,m1785005256712,3,120,10,,,,,
2026-07-27,Admirals Cove,,Leg Extension,m1785005305369,1,30,10,,,,,Seat in position 3 selector on 3. Lower bar on 2
2026-07-27,Admirals Cove,,Leg Extension,m1785005305369,2,40,10,,,,,
2026-07-27,Admirals Cove,,Leg Extension,m1785005305369,3,50,10,,,,,
2026-07-27,Admirals Cove,,Leg Extension,m1785005305369,4,60,10,,,,,
2026-07-27,Admirals Cove,,Abductor,m1785006086200,1,50,10,,,,,Lever in position 2. I did ten at 80 but was difficult
2026-07-27,Admirals Cove,,Abductor,m1785006086200,2,60,10,,,,,
2026-07-27,Admirals Cove,,Abductor,m1785006086200,3,70,10,,,,,
2026-07-27,Admirals Cove,,Abductor,m1785006086200,4,80,10,,,,,
2026-07-27,Admirals Cove,,Adductor,m1785006115413,1,35,15,,,,,Lever in position 4
2026-07-27,Admirals Cove,,Adductor,m1785006115413,2,45,10,,,,,
2026-07-27,Admirals Cove,,Adductor,m1785006115413,3,55,10,,,,,
2026-07-27,Admirals Cove,,Decline Ab Bench Situps,m1785007780604,1,,20,,,,,
2026-07-27,Admirals Cove,,Decline Ab Bench Situps,m1785007780604,2,,20,,,,,
2026-07-27,Admirals Cove,,Decline Ab Bench Situps,m1785007780604,3,,20,,,,,
2026-07-27,Admirals Cove,,Reverse Sit Ups,m1785177917318,1,,20,,,,,
2026-07-27,Admirals Cove,,Reverse Sit Ups,m1785177917318,2,,20,,,,,
2026-07-27,Admirals Cove,,Chest press,m1785006554823,1,50,10,,,,,
2026-07-27,Admirals Cove,,Chest press,m1785006554823,2,70,10,,,,,
2026-07-27,Admirals Cove,,Chest press,m1785006554823,3,90,10,,,,,
2026-07-27,Admirals Cove,,Chest press,m1785006554823,4,110,10,,,,,
2026-07-27,Admirals Cove,,Reverse Fly,m1785006624353,1,20,6,,,,,Difficult. May be in kg
2026-07-27,Admirals Cove,,Pec Fly,m1785006589359,1,30,10,,,,,May be in kg
2026-07-27,Admirals Cove,,Pec Fly,m1785006589359,2,40,10,,,,,
2026-07-27,Admirals Cove,,Pec Fly,m1785006589359,3,45,8,,,,,
2026-07-27,Portofino Gym,Aerobic Room,Treadmill,pa05,1,,,,,,,
2026-07-26,Outdoor Aerobics,,Walk,m1782186709718,1,,,,,,,
2026-07-25,Admirals Cove,,Leg Press,m1785005256712,1,80,10,,,,,Three positions at 80 and three positions at 120
2026-07-25,Admirals Cove,,Leg Press,m1785005256712,2,120,10,,,,,
2026-07-25,Admirals Cove,,Leg Extension,m1785005305369,1,40,10,,,,,
2026-07-25,Admirals Cove,,Leg Extension,m1785005305369,2,50,10,,,,,
2026-07-25,Admirals Cove,,Leg Extension,m1785005305369,3,60,10,,,,,
2026-07-25,Admirals Cove,,Abductor,m1785006086200,1,50,10,,,,,
2026-07-25,Admirals Cove,,Abductor,m1785006086200,2,70,10,,,,,
2026-07-25,Admirals Cove,,Abductor,m1785006086200,3,70,10,,,,,
2026-07-25,Admirals Cove,,Adductor,m1785006115413,1,30,10,,,,,
2026-07-25,Admirals Cove,,Adductor,m1785006115413,2,40,10,,,,,
2026-07-25,Admirals Cove,,Adductor,m1785006115413,3,50,10,,,,,
2026-07-25,Body Weight Exercises,,Pullups,m1785006392732,1,,5,,,,,Hands in vertical orientation
2026-07-25,Body Weight Exercises,,Pullups,m1785006392732,2,,5,,,,,
2026-07-25,Admirals Cove,,Chest press,m1785006554823,1,50,10,,,,,
2026-07-25,Admirals Cove,,Chest press,m1785006554823,2,70,10,,,,,
2026-07-25,Admirals Cove,,Chest press,m1785006554823,3,90,10,,,,,
2026-07-25,Admirals Cove,,Chest press,m1785006554823,4,110,8,,,,,
2026-07-25,Admirals Cove,,Pec Fly,m1785006589359,1,30,10,,,,,The units might be metric. The same weight was much harder than Portofino's machine
2026-07-25,Admirals Cove,,Pec Fly,m1785006589359,2,40,10,,,,,
2026-07-25,Admirals Cove,,Decline Ab Bench Situps,m1785007780604,1,,20,,,,,
2026-07-25,Admirals Cove,,Decline Ab Bench Situps,m1785007780604,2,,20,,,,,
2026-07-25,Admirals Cove,,Decline Ab Bench Situps,m1785007780604,3,,20,,,,,
2026-07-23,Outdoor Aerobics,,Walk,m1782186709718,1,,,,,,,100 avg bpm
2026-07-22,Outdoor Aerobics,,Walk,m1782186709718,1,,,,,,,91 avg bpm
2026-07-19,Portofino Gym,Weight Room,Seated Leg Press Machine,pw06,1,60,15,,,,,Slow
2026-07-19,Portofino Gym,Weight Room,Seated Leg Press Machine,pw06,2,60,15,,,,,
2026-07-19,Portofino Gym,Weight Room,Seated Leg Press Machine,pw06,3,60,15,,,,,
2026-07-19,Portofino Gym,Weight Room,Seated Leg Press Machine,pw06,4,75,15,,,,,
2026-07-19,Portofino Gym,Weight Room,Seated Leg Press Machine,pw06,5,75,15,,,,,
2026-07-19,Portofino Gym,Weight Room,Seated Leg Press Machine,pw06,6,75,15,,,,,
2026-07-19,Portofino Gym,Machines Room,Seated Chest Press Machine,pm03,1,55,15,,,,,
2026-07-19,Portofino Gym,Machines Room,Seated Chest Press Machine,pm03,2,80,15,,,,,
2026-07-19,Portofino Gym,Machines Room,Seated Chest Press Machine,pm03,3,90,10,,,,,
2026-07-19,Portofino Gym,Machines Room,Seated Leg Extension Machine,pm05,1,45,15,,,,,
2026-07-19,Portofino Gym,Machines Room,Seated Leg Extension Machine,pm05,2,60,15,,,,,
2026-07-19,Portofino Gym,Machines Room,Seated Leg Extension Machine,pm05,3,85,15,,,,,
2026-07-19,Portofino Gym,Machines Room,Functional Trainer (Cable Crossover),pm09,1,60,10,,,,,
2026-07-19,Portofino Gym,Machines Room,Functional Trainer (Cable Crossover),pm09,2,80,10,,,,,
2026-07-19,Portofino Gym,Machines Room,Functional Trainer (Cable Crossover),pm09,3,110,10,,,,,
2026-07-19,Portofino Gym,Machines Room,Seated Abdominal Crunch Machine,pm13,1,40,15,,,,,
2026-07-19,Portofino Gym,Machines Room,Seated Abdominal Crunch Machine,pm13,2,55,15,,,,,
2026-07-19,Portofino Gym,Machines Room,Seated Abdominal Crunch Machine,pm13,3,70,15,,,,,
2026-07-19,Portofino Gym,Machines Room,Seated Abdominal Crunch Machine,pm13,4,85,15,,,,,
2026-07-19,Portofino Gym,Machines Room,Seated Abdominal Crunch Machine,pm13,5,100,15,,,,,
2026-07-19,Outdoor Aerobics,,Walk,m1782186709718,1,,,,,,,
2026-07-17,Outdoor Aerobics,,Walk,m1782186709718,1,,,,,,,Also did about 15 minutes before I started recording
2026-07-16,Outdoor Aerobics,,Walk,m1782186709718,1,,,,,,,
2026-07-15,Outdoor Aerobics,,Walk,m1782186709718,1,,,,,,,
2026-07-14,Portofino Gym,Weight Room,Seated Leg Press Machine,pw06,1,60,10,,,,,
2026-07-14,Portofino Gym,Weight Room,Seated Leg Press Machine,pw06,2,60,10,,,,,
2026-07-14,Portofino Gym,Weight Room,Seated Leg Press Machine,pw06,3,60,10,,,,,
2026-07-14,Portofino Gym,Weight Room,Seated Leg Press Machine,pw06,4,70,10,,,,,
2026-07-14,Portofino Gym,Weight Room,Seated Leg Press Machine,pw06,5,70,10,,,,,
2026-07-14,Portofino Gym,Weight Room,Seated Leg Press Machine,pw06,6,70,10,,,,,
2026-07-14,Portofino Gym,Machines Room,Seated Leg Curl Machine,pm06,1,50,10,,,,,
2026-07-14,Portofino Gym,Machines Room,Seated Leg Curl Machine,pm06,2,55,10,,,,,
2026-07-14,Portofino Gym,Machines Room,Seated Leg Curl Machine,pm06,3,60,10,,,,,
2026-07-14,Portofino Gym,Machines Room,Seated Leg Extension Machine,pm05,1,40,15,,,,,
2026-07-14,Portofino Gym,Machines Room,Seated Leg Extension Machine,pm05,2,60,15,,,,,
2026-07-14,Portofino Gym,Machines Room,Seated Leg Extension Machine,pm05,3,85,15,,,,,
2026-07-14,Portofino Gym,Machines Room,Hip Abduction Machine,pm11,1,55,15,,,,,
2026-07-14,Portofino Gym,Machines Room,Hip Abduction Machine,pm11,2,85,15,,,,,
2026-07-14,Portofino Gym,Machines Room,Hip Abduction Machine,pm11,3,105,15,,,,,
2026-07-14,Portofino Gym,Machines Room,Hip Adduction Machine,pm12,1,60,15,,,,,At Rancho La Puerta
2026-07-14,Portofino Gym,Machines Room,Hip Adduction Machine,pm12,2,80,15,,,,,
2026-07-14,Portofino Gym,Machines Room,Hip Adduction Machine,pm12,3,100,15,,,,,
2026-07-14,Portofino Gym,Machines Room,Pec Fly,pm04,1,60,10,,,,,At Rancho La Puerta
2026-07-14,Portofino Gym,Machines Room,Pec Fly,pm04,2,75,10,,,,,
2026-07-14,Portofino Gym,Machines Room,Pec Fly,pm04,3,90,10,,,,,
2026-07-14,Portofino Gym,Machines Room,Rear Deltoid,m1782480059048,1,60,15,,,,,At Rancho La Puerta
2026-07-14,Portofino Gym,Machines Room,Rear Deltoid,m1782480059048,2,70,10,,,,,
2026-07-14,Portofino Gym,Machines Room,Glute Isolator,pm14,1,60,10,,,,,
2026-07-14,Portofino Gym,Machines Room,Glute Isolator,pm14,2,80,10,,,,,
2026-07-14,Portofino Gym,Machines Room,Glute Isolator,pm14,3,100,10,,,,,
2026-07-14,Portofino Gym,Aerobic Room,Norwegian 4x4,m1783607463121,1,,,,,,,
2026-07-14,Portofino Gym,Machines Room,Seated Chest Press Machine,pm03,1,50,15,,,,,At Rancho La Puerta
2026-07-14,Portofino Gym,Machines Room,Seated Chest Press Machine,pm03,2,80,15,,,,,
2026-07-14,Portofino Gym,Machines Room,Seated Chest Press Machine,pm03,3,90,15,,,,,
2026-07-09,Portofino Gym,Aerobic Room,Norwegian 4x4,m1783607463121,1,,,,,,,Hard
2026-07-09,Portofino Gym,Weight Room,Seated Leg Press Machine,pw06,1,60,10,,,,,Three positions
2026-07-09,Portofino Gym,Weight Room,Seated Leg Press Machine,pw06,2,60,10,,,,,
2026-07-09,Portofino Gym,Weight Room,Seated Leg Press Machine,pw06,3,60,10,,,,,
2026-07-09,Portofino Gym,Weight Room,Seated Leg Press Machine,pw06,4,70,10,,,,,
2026-07-09,Portofino Gym,Weight Room,Seated Leg Press Machine,pw06,5,70,10,,,,,
2026-07-09,Portofino Gym,Weight Room,Seated Leg Press Machine,pw06,6,70,10,,,,,
2026-07-09,Portofino Gym,Weight Room,Lat Pulldown Machine,pw02,1,40,10,,,,,
2026-07-09,Portofino Gym,Weight Room,Lat Pulldown Machine,pw02,2,55,10,,,,,
2026-07-09,Portofino Gym,Weight Room,Lat Pulldown Machine,pw02,3,70,10,,,,,
2026-07-09,Portofino Gym,Weight Room,Lat Pulldown Machine,pw02,4,85,10,,,,,
2026-07-09,Portofino Gym,Weight Room,Lat Pulldown Machine,pw02,5,100,10,,,,,
2026-07-09,Portofino Gym,Weight Room,Seated Preacher Curl Bench,pw04,1,10,10,,,,,
2026-07-09,Portofino Gym,Weight Room,Seated Preacher Curl Bench,pw04,2,15,10,,,,,
2026-07-09,Portofino Gym,Weight Room,Seated Preacher Curl Bench,pw04,3,20,10,,,,,
2026-07-09,Portofino Gym,Machines Room,Glute Isolator,pm14,1,60,10,,,,,
2026-07-09,Portofino Gym,Machines Room,Glute Isolator,pm14,2,80,10,,,,,
2026-07-09,Portofino Gym,Machines Room,Glute Isolator,pm14,3,100,10,,,,,
2026-07-09,Portofino Gym,Machines Room,Seated Row Machine,pm02,1,55,10,,,,,
2026-07-09,Portofino Gym,Machines Room,Seated Row Machine,pm02,2,75,10,,,,,
2026-07-09,Portofino Gym,Machines Room,Seated Row Machine,pm02,3,100,10,,,,,
2026-07-09,Portofino Gym,Machines Room,Hip Abduction Machine,pm11,1,55,15,,,,,
2026-07-09,Portofino Gym,Machines Room,Hip Abduction Machine,pm11,2,85,15,,,,,
2026-07-09,Portofino Gym,Machines Room,Hip Abduction Machine,pm11,3,115,15,,,,,
2026-07-09,Portofino Gym,Machines Room,Hip Abduction Machine,pm11,4,145,15,,,,,
2026-07-09,Portofino Gym,Machines Room,Pec Fly,pm04,1,60,12,,,,,
2026-07-09,Portofino Gym,Machines Room,Pec Fly,pm04,2,80,12,,,,,
2026-07-09,Portofino Gym,Machines Room,Pec Fly,pm04,3,105,12,,,,,
2026-07-09,Portofino Gym,Machines Room,Seated Chest Press Machine,pm03,1,55,15,,,,,
2026-07-09,Portofino Gym,Machines Room,Seated Chest Press Machine,pm03,2,80,15,,,,,
2026-07-09,Portofino Gym,Machines Room,Seated Chest Press Machine,pm03,3,100,10,,,,,
2026-07-09,Portofino Gym,Machines Room,Hip Adduction Machine,pm12,1,85,15,,,,,
2026-07-09,Portofino Gym,Machines Room,Hip Adduction Machine,pm12,2,115,15,,,,,
2026-07-09,Portofino Gym,Machines Room,Hip Adduction Machine,pm12,3,145,15,,,,,
2026-07-09,Portofino Gym,Machines Room,Seated Shoulder Press,pm08,1,40,10,,,,,
2026-07-09,Portofino Gym,Machines Room,Seated Shoulder Press,pm08,2,55,10,,,,,
2026-07-09,Portofino Gym,Machines Room,Seated Shoulder Press,pm08,3,55,8,,,,,
2026-07-09,Portofino Gym,Machines Room,Functional Trainer (Cable Crossover),pm09,1,60,10,,,,,
2026-07-09,Portofino Gym,Machines Room,Functional Trainer (Cable Crossover),pm09,2,80,10,,,,,
2026-07-09,Portofino Gym,Machines Room,Functional Trainer (Cable Crossover),pm09,3,110,10,,,,,
2026-07-08,Outdoor Aerobics,,Walk,m1782186709718,1,,,,,,,13.5k steps
2026-07-07,Outdoor Aerobics,,Run,m1782152863635,1,,,,,,,
2026-07-07,Portofino Gym,Weight Room,Seated Leg Press Machine,pw06,1,40,10,,,,,Explored the different foot positions
2026-07-07,Portofino Gym,Weight Room,Seated Leg Press Machine,pw06,2,40,10,,,,,
2026-07-07,Portofino Gym,Weight Room,Seated Leg Press Machine,pw06,3,40,10,,,,,
2026-07-07,Portofino Gym,Weight Room,Seated Leg Press Machine,pw06,4,55,10,,,,,
2026-07-07,Portofino Gym,Weight Room,Seated Leg Press Machine,pw06,5,55,10,,,,,
2026-07-07,Portofino Gym,Weight Room,Seated Leg Press Machine,pw06,6,55,10,,,,,
2026-07-07,Portofino Gym,Machines Room,Seated Leg Extension Machine,pm05,1,40,15,,,,,
2026-07-07,Portofino Gym,Machines Room,Seated Leg Extension Machine,pm05,2,65,15,,,,,
2026-07-07,Portofino Gym,Machines Room,Seated Leg Extension Machine,pm05,3,85,15,,,,,
2026-07-07,Portofino Gym,Machines Room,Seated Leg Curl Machine,pm06,1,25,10,,,,,
2026-07-07,Portofino Gym,Machines Room,Seated Leg Curl Machine,pm06,2,40,10,,,,,
2026-07-07,Portofino Gym,Machines Room,Seated Leg Curl Machine,pm06,3,55,10,,,,,
2026-07-07,Portofino Gym,Machines Room,Seated Row Machine,pm02,1,60,15,,,,,
2026-07-07,Portofino Gym,Machines Room,Seated Row Machine,pm02,2,80,15,,,,,
2026-07-07,Portofino Gym,Machines Room,Seated Row Machine,pm02,3,105,15,,,,,
2026-07-07,Portofino Gym,Machines Room,Seated Chest Press Machine,pm03,1,55,15,,,,,Using position 2 for full range of motion
2026-07-07,Portofino Gym,Machines Room,Seated Chest Press Machine,pm03,2,80,15,,,,,
2026-07-07,Portofino Gym,Machines Room,Seated Chest Press Machine,pm03,3,80,15,,,,,
2026-07-07,Portofino Gym,Machines Room,Rear Deltoid,m1782480059048,1,60,15,,,,,
2026-07-07,Portofino Gym,Machines Room,Rear Deltoid,m1782480059048,2,75,10,,,,,
2026-07-07,Portofino Gym,Machines Room,Rear Deltoid,m1782480059048,3,90,7,,,,,
2026-07-07,Portofino Gym,Machines Room,Seated Shoulder Press,pm08,1,55,6,,,,,Not sure why I didn't stick with the program
2026-07-07,Portofino Gym,Machines Room,Seated Shoulder Press,pm08,2,55,6,,,,,
2026-07-07,Portofino Gym,Machines Room,Seated Shoulder Press,pm08,3,55,6,,,,,
2026-07-07,Portofino Gym,Machines Room,Functional Trainer (Cable Crossover),pm09,1,60,10,,,,,
2026-07-07,Portofino Gym,Machines Room,Functional Trainer (Cable Crossover),pm09,2,90,10,,,,,
2026-07-07,Portofino Gym,Machines Room,Functional Trainer (Cable Crossover),pm09,3,110,10,,,,,
2026-07-07,Portofino Gym,Weight Room,Lat Pulldown Machine,pw02,1,40,15,,,,,
2026-07-07,Portofino Gym,Weight Room,Lat Pulldown Machine,pw02,2,55,15,,,,,
2026-07-07,Portofino Gym,Weight Room,Lat Pulldown Machine,pw02,3,70,15,,,,,
2026-07-07,Portofino Gym,Weight Room,Plate-Loaded Seated Calf Raise,pw08,1,10,15,,,,,
2026-07-07,Portofino Gym,Weight Room,Plate-Loaded Seated Calf Raise,pw08,2,15,15,,,,,
2026-07-07,Portofino Gym,Weight Room,Plate-Loaded Seated Calf Raise,pw08,3,20,15,,,,,
2026-07-07,Portofino Gym,Weight Room,Seated Preacher Curl Bench,pw04,1,25,10,,,,,
2026-07-07,Portofino Gym,Weight Room,Seated Preacher Curl Bench,pw04,2,30,10,,,,,
2026-07-07,Portofino Gym,Machines Room,Adjustable Decline Abdominal Bench,pm01,1,,15,,,,,
2026-07-07,Portofino Gym,Machines Room,Adjustable Decline Abdominal Bench,pm01,2,,10,,,,,
2026-07-07,Portofino Gym,Machines Room,Adjustable Decline Abdominal Bench,pm01,3,,10,,,,,
2026-07-07,Portofino Gym,Machines Room,Adjustable Decline Abdominal Bench,pm01,4,,10,,,,,
2026-07-07,Portofino Gym,Machines Room,Back Extension Bench,pm07,1,,15,,,,,
2026-07-07,Portofino Gym,Machines Room,Back Extension Bench,pm07,2,,15,,,,,
2026-07-07,Portofino Gym,Machines Room,Back Extension Bench,pm07,3,,15,,,,,
2026-07-07,Outdoor Aerobics,,Walk,m1782186709718,1,,,,,,,
2026-07-06,Portofino Gym,Machines Room,Seated Row Machine,pm02,1,55,15,,,,,
2026-07-06,Portofino Gym,Machines Room,Seated Row Machine,pm02,2,75,15,,,,,
2026-07-06,Portofino Gym,Machines Room,Seated Row Machine,pm02,3,100,15,,,,,
2026-07-06,Portofino Gym,Machines Room,Seated Chest Press Machine,pm03,1,55,15,,,,,
2026-07-06,Portofino Gym,Machines Room,Seated Chest Press Machine,pm03,2,80,10,,,,,
2026-07-06,Portofino Gym,Machines Room,Seated Chest Press Machine,pm03,3,105,10,,,,,
2026-07-06,Portofino Gym,Machines Room,Pec Fly,pm04,1,60,12,,,,,
2026-07-06,Portofino Gym,Machines Room,Pec Fly,pm04,2,80,12,,,,,
2026-07-06,Portofino Gym,Machines Room,Pec Fly,pm04,3,105,12,,,,,
2026-07-06,Portofino Gym,Machines Room,Rear Deltoid,m1782480059048,1,60,15,,,,,
2026-07-06,Portofino Gym,Machines Room,Rear Deltoid,m1782480059048,2,75,15,,,,,
2026-07-06,Portofino Gym,Machines Room,Rear Deltoid,m1782480059048,3,90,12,,,,,
2026-07-06,Portofino Gym,Machines Room,Seated Shoulder Press,pm08,1,25,15,,,,,
2026-07-06,Portofino Gym,Machines Room,Seated Shoulder Press,pm08,2,45,10,,,,,
2026-07-06,Portofino Gym,Machines Room,Seated Shoulder Press,pm08,3,60,6,,,,,
2026-07-06,Portofino Gym,Machines Room,Adjustable Decline Abdominal Bench,pm01,1,,15,,,,,
2026-07-06,Portofino Gym,Machines Room,Adjustable Decline Abdominal Bench,pm01,2,,15,,,,,
2026-07-06,Portofino Gym,Machines Room,Adjustable Decline Abdominal Bench,pm01,3,,15,,,,,
2026-07-05,Portofino Gym,Aerobic Room,Peloton,pa04,1,,,,,,,Total Output 89 Avg resistance 37
2026-07-05,Portofino Gym,Weight Room,Seated Leg Press Machine,pw06,1,85,15,,,,,
2026-07-05,Portofino Gym,Weight Room,Seated Leg Press Machine,pw06,2,115,15,,,,,
2026-07-05,Portofino Gym,Weight Room,Seated Leg Press Machine,pw06,3,145,15,,,,,
2026-07-05,Portofino Gym,Weight Room,Lat Pulldown Machine,pw02,1,40,15,,,,,
2026-07-05,Portofino Gym,Weight Room,Lat Pulldown Machine,pw02,2,55,15,,,,,
2026-07-05,Portofino Gym,Weight Room,Lat Pulldown Machine,pw02,3,70,15,,,,,
2026-07-05,Portofino Gym,Weight Room,Lat Pulldown Machine,pw02,4,85,10,,,,,
2026-07-05,Portofino Gym,Weight Room,Seated Preacher Curl Bench,pw04,1,,10,,,,,1st time: Doing 20 was pretty hard
2026-07-05,Portofino Gym,Weight Room,Seated Preacher Curl Bench,pw04,2,10,10,,,,,
2026-07-05,Portofino Gym,Weight Room,Seated Preacher Curl Bench,pw04,3,20,10,,,,,
2026-07-05,Portofino Gym,Machines Room,Glute Isolator,pm14,1,50,15,,,,,
2026-07-05,Portofino Gym,Machines Room,Glute Isolator,pm14,2,80,15,,,,,
2026-07-05,Portofino Gym,Machines Room,Glute Isolator,pm14,3,110,15,,,,,
2026-07-05,Portofino Gym,Machines Room,Hip Abduction Machine,pm11,1,55,15,,,,,
2026-07-05,Portofino Gym,Machines Room,Hip Abduction Machine,pm11,2,85,15,,,,,
2026-07-05,Portofino Gym,Machines Room,Hip Abduction Machine,pm11,3,115,15,,,,,
2026-07-05,Portofino Gym,Machines Room,Hip Adduction Machine,pm12,1,85,15,,,,,
2026-07-05,Portofino Gym,Machines Room,Hip Adduction Machine,pm12,2,115,15,,,,,
2026-07-05,Portofino Gym,Machines Room,Hip Adduction Machine,pm12,3,145,15,,,,,
2026-07-04,Outdoor Aerobics,,Run,m1782152863635,1,,,,,,,
2026-07-03,Body Weight Exercises,,Leg Lift,m1782152403811,1,,10,,,,,
2026-07-03,Body Weight Exercises,,Leg Lift,m1782152403811,2,,10,,,,,
2026-07-03,Body Weight Exercises,,Leg Lift,m1782152403811,3,,10,,,,,
2026-07-03,10th St Outdoor Gym,,Pullups,m1782438526308,1,,3,,,,,
2026-07-03,10th St Outdoor Gym,,Pullups,m1782438526308,2,,4,,,,,
2026-07-03,10th St Outdoor Gym,,Pullups,m1782438526308,3,,-4,,,,,
2026-07-03,10th St Outdoor Gym,,Pushups,m1782438536945,1,,15,,,,,
2026-07-03,10th St Outdoor Gym,,Pushups,m1782438536945,2,,15,,,,,
2026-07-03,Portofino Gym,Weight Room,Seated Leg Press Machine,pw06,1,85,15,,,,,
2026-07-03,Portofino Gym,Weight Room,Seated Leg Press Machine,pw06,2,100,15,,,,,
2026-07-03,Portofino Gym,Weight Room,Seated Leg Press Machine,pw06,3,115,15,,,,,
2026-07-03,Portofino Gym,Weight Room,Seated Leg Press Machine,pw06,4,130,15,,,,,
2026-07-03,Portofino Gym,Weight Room,Seated Leg Press Machine,pw06,5,145,15,,,,,
2026-07-03,Portofino Gym,Weight Room,Plate-Loaded Seated Calf Raise,pw08,1,10,15,,,,,
2026-07-03,Portofino Gym,Weight Room,Plate-Loaded Seated Calf Raise,pw08,2,15,15,,,,,
2026-07-03,Portofino Gym,Weight Room,Plate-Loaded Seated Calf Raise,pw08,3,20,15,,,,,
2026-07-03,Portofino Gym,Machines Room,Seated Row Machine,pm02,1,55,15,,,,,
2026-07-03,Portofino Gym,Machines Room,Seated Row Machine,pm02,2,70,15,,,,,
2026-07-03,Portofino Gym,Machines Room,Seated Row Machine,pm02,3,85,15,,,,,
2026-07-03,Portofino Gym,Machines Room,Seated Row Machine,pm02,4,100,15,,,,,
2026-07-03,Portofino Gym,Machines Room,Seated Chest Press Machine,pm03,1,60,15,,,,,
2026-07-03,Portofino Gym,Machines Room,Seated Chest Press Machine,pm03,2,75,15,,,,,
2026-07-03,Portofino Gym,Machines Room,Seated Chest Press Machine,pm03,3,90,10,,,,,
2026-07-03,Portofino Gym,Machines Room,Seated Chest Press Machine,pm03,4,105,10,,,,,
2026-07-03,Portofino Gym,Machines Room,Pec Fly,pm04,1,65,15,,,,,
2026-07-03,Portofino Gym,Machines Room,Pec Fly,pm04,2,75,15,,,,,
2026-07-03,Portofino Gym,Machines Room,Pec Fly,pm04,3,90,15,,,,,
2026-07-03,Portofino Gym,Machines Room,Pec Fly,pm04,4,105,12,,,,,
2026-07-03,Portofino Gym,Machines Room,Seated Shoulder Press,pm08,1,30,15,,,,,
2026-07-03,Portofino Gym,Machines Room,Seated Shoulder Press,pm08,2,45,10,,,,,
2026-07-03,Portofino Gym,Machines Room,Seated Shoulder Press,pm08,3,60,5,,,,,
2026-07-03,Portofino Gym,Machines Room,Seated Shoulder Press,pm08,4,60,4,,,,,
2026-07-03,Portofino Gym,Machines Room,Functional Trainer (Cable Crossover),pm09,1,60,10,,,,,Tricep press
2026-07-03,Portofino Gym,Machines Room,Functional Trainer (Cable Crossover),pm09,2,80,10,,,,,
2026-07-03,Portofino Gym,Machines Room,Functional Trainer (Cable Crossover),pm09,3,100,10,,,,,
2026-07-03,Portofino Gym,Machines Room,Functional Trainer (Cable Crossover),pm09,4,110,10,,,,,
2026-07-03,Portofino Gym,Machines Room,Seated Biceps Curl Machine,pm10,1,40,15,,,,,
2026-07-03,Portofino Gym,Machines Room,Seated Biceps Curl Machine,pm10,2,55,15,,,,,
2026-07-03,Portofino Gym,Machines Room,Seated Biceps Curl Machine,pm10,3,70,8,,,,,
2026-07-03,Portofino Gym,Machines Room,Adjustable Decline Abdominal Bench,pm01,1,,20,,,,,Low decline
2026-07-03,Portofino Gym,Machines Room,Adjustable Decline Abdominal Bench,pm01,2,,20,,,,,
2026-07-03,Portofino Gym,Machines Room,Adjustable Decline Abdominal Bench,pm01,3,,20,,,,,
2026-07-03,Portofino Gym,Machines Room,Glute Isolator,pm14,1,70,15,,,,,
2026-07-03,Portofino Gym,Machines Room,Glute Isolator,pm14,2,90,15,,,,,
2026-07-03,Portofino Gym,Machines Room,Glute Isolator,pm14,3,110,15,,,,,
2026-07-03,Outdoor Aerobics,,Walk,m1782186709718,1,,,,,,,
2026-07-02,Outdoor Aerobics,,Run,m1782152863635,1,,,,,,,
2026-07-01,5th Street Gym,,Situp Bench (Incline),f03,1,,30,,,,,
2026-07-01,5th Street Gym,,Situp Bench (Incline),f03,2,,20,,,,,
2026-07-01,5th Street Gym,,Situp Bench (Incline),f03,3,,20,,,,,
2026-07-01,Body Weight Exercises,,Pushups,m1782151830912,1,,20,,,,,Incline
2026-07-01,Body Weight Exercises,,Pushups,m1782151830912,2,,20,,,,,
2026-07-01,Body Weight Exercises,,Pushups,m1782151830912,3,,20,,,,,
2026-07-01,Outdoor Aerobics,,Walk,m1782186709718,1,,,,,,,
2026-07-01,Portofino Gym,Machines Room,Seated Leg Extension Machine,pm05,1,40,15,,,,,
2026-07-01,Portofino Gym,Machines Room,Seated Leg Extension Machine,pm05,2,55,15,,,,,
2026-07-01,Portofino Gym,Machines Room,Seated Leg Extension Machine,pm05,3,70,15,,,,,
2026-07-01,Portofino Gym,Machines Room,Seated Leg Extension Machine,pm05,4,85,15,,,,,
2026-07-01,Portofino Gym,Machines Room,Seated Leg Curl Machine,pm06,1,25,10,,,,,
2026-07-01,Portofino Gym,Machines Room,Seated Leg Curl Machine,pm06,2,40,10,,,,,
2026-07-01,Portofino Gym,Machines Room,Seated Leg Curl Machine,pm06,3,55,10,,,,,
2026-07-01,Portofino Gym,Machines Room,Hip Abduction Machine,pm11,1,55,15,,,,,
2026-07-01,Portofino Gym,Machines Room,Hip Abduction Machine,pm11,2,70,15,,,,,
2026-07-01,Portofino Gym,Machines Room,Hip Abduction Machine,pm11,3,85,15,,,,,
2026-07-01,Portofino Gym,Machines Room,Hip Abduction Machine,pm11,4,100,15,,,,,
2026-07-01,Portofino Gym,Machines Room,Hip Abduction Machine,pm11,5,115,15,,,,,
2026-07-01,Portofino Gym,Machines Room,Hip Adduction Machine,pm12,1,55,15,,,,,
2026-07-01,Portofino Gym,Machines Room,Hip Adduction Machine,pm12,2,85,15,,,,,
2026-07-01,Portofino Gym,Machines Room,Hip Adduction Machine,pm12,3,115,15,,,,,
2026-07-01,Portofino Gym,Machines Room,Hip Adduction Machine,pm12,4,145,15,,,,,
2026-07-01,Portofino Gym,Machines Room,Pec Fly,pm04,1,60,10,,,,,
2026-07-01,Portofino Gym,Machines Room,Pec Fly,pm04,2,75,10,,,,,
2026-07-01,Portofino Gym,Machines Room,Pec Fly,pm04,3,90,10,,,,,
2026-07-01,Portofino Gym,Machines Room,Pec Fly,pm04,4,105,10,,,,,
2026-07-01,Portofino Gym,Machines Room,Rear Deltoid,m1782480059048,1,60,15,,,,,
2026-07-01,Portofino Gym,Machines Room,Rear Deltoid,m1782480059048,2,75,10,,,,,
2026-07-01,Portofino Gym,Machines Room,Rear Deltoid,m1782480059048,3,90,10,,,,,
2026-07-01,Portofino Gym,Weight Room,Seated Cable Row Machine,pw03,1,55,10,,,,,
2026-07-01,Portofino Gym,Weight Room,Seated Cable Row Machine,pw03,2,70,10,,,,,
2026-07-01,Portofino Gym,Weight Room,Seated Cable Row Machine,pw03,3,70,10,,,,,
2026-07-01,Portofino Gym,Weight Room,Seated Cable Row Machine,pw03,4,85,10,,,,,
2026-07-01,Portofino Gym,Machines Room,Seated Chest Press Machine,pm03,1,55,10,,,,,
2026-07-01,Portofino Gym,Machines Room,Seated Chest Press Machine,pm03,2,70,10,,,,,
2026-07-01,Portofino Gym,Machines Room,Seated Chest Press Machine,pm03,3,85,10,,,,,
2026-07-01,Portofino Gym,Machines Room,Seated Chest Press Machine,pm03,4,100,5,,,,,
2026-07-01,Portofino Gym,Machines Room,Seated Abdominal Crunch Machine,pm13,1,40,15,,,,,
2026-07-01,Portofino Gym,Machines Room,Seated Abdominal Crunch Machine,pm13,2,70,15,,,,,
2026-07-01,Portofino Gym,Machines Room,Seated Abdominal Crunch Machine,pm13,3,100,15,,,,,
2026-06-30,Body Weight Exercises,,Squats,m1782152064365,1,,15,,,,,
2026-06-30,Body Weight Exercises,,Squats,m1782152064365,2,,15,,,,,
2026-06-29,Portofino Gym,Weight Room,Seated Leg Press Machine,pw06,1,70,15,,,,,
2026-06-29,Portofino Gym,Weight Room,Seated Leg Press Machine,pw06,2,85,15,,,,,
2026-06-29,Portofino Gym,Weight Room,Seated Leg Press Machine,pw06,3,100,15,,,,,
2026-06-29,Portofino Gym,Weight Room,Seated Leg Press Machine,pw06,4,115,15,,,,,
2026-06-29,Portofino Gym,Weight Room,Seated Leg Press Machine,pw06,5,130,15,,,,,
2026-06-29,Portofino Gym,Machines Room,Glute Isolator,pm14,1,50,15,,,,,
2026-06-29,Portofino Gym,Machines Room,Glute Isolator,pm14,2,70,15,,,,,
2026-06-29,Portofino Gym,Machines Room,Glute Isolator,pm14,3,90,15,,,,,
2026-06-29,Portofino Gym,Machines Room,Seated Row Machine,pm02,1,40,10,,,,,
2026-06-29,Portofino Gym,Machines Room,Seated Row Machine,pm02,2,55,15,,,,,
2026-06-29,Portofino Gym,Machines Room,Seated Row Machine,pm02,3,70,15,,,,,
2026-06-29,Portofino Gym,Machines Room,Seated Row Machine,pm02,4,85,15,,,,,
2026-06-29,Portofino Gym,Weight Room,Lat Pulldown Machine,pw02,1,40,15,,,,,
2026-06-29,Portofino Gym,Weight Room,Lat Pulldown Machine,pw02,2,55,15,,,,,
2026-06-29,Portofino Gym,Weight Room,Lat Pulldown Machine,pw02,3,70,15,,,,,
2026-06-29,Portofino Gym,Weight Room,Lat Pulldown Machine,pw02,4,85,15,,,,,
2026-06-29,Portofino Gym,Weight Room,Lat Pulldown Machine,pw02,5,100,10,,,,,
2026-06-29,Portofino Gym,Machines Room,Pec Fly,pm04,1,40,10,,,,,
2026-06-29,Portofino Gym,Machines Room,Pec Fly,pm04,2,60,10,,,,,
2026-06-29,Portofino Gym,Machines Room,Pec Fly,pm04,3,75,10,,,,,
2026-06-29,Portofino Gym,Machines Room,Pec Fly,pm04,4,90,10,,,,,
2026-06-29,Portofino Gym,Machines Room,Rear Deltoid,m1782480059048,1,60,15,,,,,
2026-06-29,Portofino Gym,Machines Room,Rear Deltoid,m1782480059048,2,75,10,,,,,
2026-06-29,Portofino Gym,Machines Room,Rear Deltoid,m1782480059048,3,90,10,,,,,
2026-06-29,Portofino Gym,Machines Room,Adjustable Decline Abdominal Bench,pm01,1,,15,,,,,
2026-06-29,Portofino Gym,Machines Room,Adjustable Decline Abdominal Bench,pm01,2,,15,,,,,
2026-06-29,Portofino Gym,Machines Room,Adjustable Decline Abdominal Bench,pm01,3,,15,,,,,
2026-06-29,Portofino Gym,Machines Room,Seated Biceps Curl Machine,pm10,1,25,15,,,,,
2026-06-29,Portofino Gym,Machines Room,Seated Biceps Curl Machine,pm10,2,40,10,,,,,
2026-06-29,Portofino Gym,Machines Room,Seated Biceps Curl Machine,pm10,3,55,10,,,,,
2026-06-29,Portofino Gym,Machines Room,Seated Biceps Curl Machine,pm10,4,70,5,,,,,
2026-06-29,Body Weight Exercises,,Pushups,m1782151830912,1,,25,,,,,
2026-06-29,Body Weight Exercises,,Pushups,m1782151830912,2,,15,,,,,
2026-06-29,Body Weight Exercises,,Pushups,m1782151830912,3,,10,,,,,
2026-06-29,Portofino Gym,Machines Room,Seated Shoulder Press,pm08,1,25,10,,,,,Adjusted
2026-06-29,Portofino Gym,Machines Room,Seated Shoulder Press,pm08,2,40,10,,,,,
2026-06-29,Portofino Gym,Machines Room,Seated Shoulder Press,pm08,3,55,5,,,,,
2026-06-29,Portofino Gym,Machines Room,Seated Shoulder Press,pm08,4,55,5,,,,,
2026-06-28,Outdoor Aerobics,,Run,m1782152863635,1,,,15,14,,,1.03 miles at 14:43/mile. Total time 15:06
2026-06-28,5th Street Gym,,Situp Bench (Incline),f03,1,,20,,,,,
2026-06-28,5th Street Gym,,Situp Bench (Incline),f03,2,,20,,,,,
2026-06-28,5th Street Gym,,Situp Bench (Incline),f03,3,,15,,,,,
2026-06-28,5th Street Gym,,Bench Press,f05,1,44,20,,,,,
2026-06-28,5th Street Gym,,Bench Press,f05,2,88,15,,,,,
2026-06-28,5th Street Gym,,Bench Press,f05,3,110,15,,,,,
2026-06-28,5th Street Gym,,Seated Tricep Dips,f08,1,77,15,,,,,
2026-06-28,5th Street Gym,,Seated Tricep Dips,f08,2,99,10,,,,,
2026-06-28,5th Street Gym,,Seated Tricep Dips,f08,3,99,6,,,,,
2026-06-27,Outdoor Aerobics,,Walk,m1782186709718,1,,,44,20,,,
2026-06-26,10th St Outdoor Gym,,Pushups,m1782438536945,1,,10,,,,,
2026-06-26,10th St Outdoor Gym,,Pushups,m1782438536945,2,,10,,,,,
2026-06-26,10th St Outdoor Gym,,Pullups,m1782438526308,1,,3,,,,,
2026-06-26,10th St Outdoor Gym,,Pullups,m1782438526308,2,,3,,,,,
2026-06-26,10th St Outdoor Gym,,Pullups,m1782438526308,3,,-3,,,,,
2026-06-26,5th Street Gym,,Decline Bench & Hyperext,f02,1,,20,,,,,
2026-06-26,5th Street Gym,,Situp Bench (Incline),f03,1,,10,,,,,
2026-06-26,5th Street Gym,,Situp Bench (Incline),f03,2,,10,,,,,
2026-06-26,5th Street Gym,,Situp Bench (Incline),f03,3,,10,,,,,
2026-06-26,Portofino Gym,Machines Room,Adjustable Decline Abdominal Bench,pm01,1,,20,,,,,
2026-06-26,Portofino Gym,Machines Room,Adjustable Decline Abdominal Bench,pm01,2,,10,,,,,
2026-06-26,Portofino Gym,Machines Room,Adjustable Decline Abdominal Bench,pm01,3,,10,,,,,
2026-06-26,Portofino Gym,Machines Room,Seated Row Machine,pm02,1,40,10,,,,,
2026-06-26,Portofino Gym,Machines Room,Seated Row Machine,pm02,2,55,15,,,,,
2026-06-26,Portofino Gym,Machines Room,Seated Row Machine,pm02,3,70,15,,,,,
2026-06-26,Portofino Gym,Machines Room,Seated Row Machine,pm02,4,85,15,,,,,
2026-06-26,Portofino Gym,Machines Room,Hip Abduction Machine,pm11,1,55,15,,,,,
2026-06-26,Portofino Gym,Machines Room,Hip Abduction Machine,pm11,2,70,15,,,,,
2026-06-26,Portofino Gym,Machines Room,Hip Abduction Machine,pm11,3,85,15,,,,,
2026-06-26,Portofino Gym,Machines Room,Seated Leg Extension Machine,pm05,1,55,15,,,,,
2026-06-26,Portofino Gym,Machines Room,Seated Leg Extension Machine,pm05,2,70,15,,,,,
2026-06-26,Portofino Gym,Machines Room,Seated Leg Extension Machine,pm05,3,85,15,,,,,
2026-06-26,Portofino Gym,Machines Room,Rear Deltoid,m1782480059048,1,60,15,,,,,
2026-06-26,Portofino Gym,Machines Room,Rear Deltoid,m1782480059048,2,75,15,,,,,
2026-06-26,Portofino Gym,Machines Room,Rear Deltoid,m1782480059048,3,90,9,,,,,
2026-06-26,Portofino Gym,Machines Room,Pec Fly,pm04,1,60,10,,,,,
2026-06-26,Portofino Gym,Machines Room,Pec Fly,pm04,2,75,10,,,,,
2026-06-26,Portofino Gym,Machines Room,Pec Fly,pm04,3,90,10,,,,,
2026-06-26,Portofino Gym,Machines Room,Seated Leg Curl Machine,pm06,1,25,10,,,,,
2026-06-26,Portofino Gym,Machines Room,Seated Leg Curl Machine,pm06,2,40,10,,,,,
2026-06-26,Portofino Gym,Machines Room,Seated Leg Curl Machine,pm06,3,55,10,,,,,
2026-06-26,Portofino Gym,Machines Room,Seated Shoulder Press,pm08,1,25,10,,,,,
2026-06-26,Portofino Gym,Machines Room,Seated Shoulder Press,pm08,2,40,10,,,,,
2026-06-26,Portofino Gym,Machines Room,Seated Shoulder Press,pm08,3,55,5,,,,,
2026-06-26,Portofino Gym,Machines Room,Glute Isolator,pm14,1,50,10,,,,,
2026-06-26,Portofino Gym,Machines Room,Glute Isolator,pm14,2,70,10,,,,,
2026-06-26,Portofino Gym,Machines Room,Glute Isolator,pm14,3,90,10,,,,,
2026-06-26,Portofino Gym,Machines Room,Functional Trainer (Cable Crossover),pm09,1,50,10,,,,,
2026-06-26,Portofino Gym,Machines Room,Functional Trainer (Cable Crossover),pm09,2,60,10,,,,,
2026-06-26,Portofino Gym,Machines Room,Functional Trainer (Cable Crossover),pm09,3,70,10,,,,,
2026-06-26,Portofino Gym,Machines Room,Functional Trainer (Cable Crossover),pm09,4,80,10,,,,,
2026-06-26,Portofino Gym,Machines Room,Seated Chest Press Machine,pm03,1,55,10,,,,,
2026-06-26,Portofino Gym,Machines Room,Seated Chest Press Machine,pm03,2,70,10,,,,,
2026-06-26,Portofino Gym,Machines Room,Seated Chest Press Machine,pm03,3,85,10,,,,,
2026-06-26,Portofino Gym,Weight Room,Lat Pulldown Machine,pw02,1,40,15,,,,,
2026-06-26,Portofino Gym,Weight Room,Lat Pulldown Machine,pw02,2,55,15,,,,,
2026-06-26,Portofino Gym,Weight Room,Lat Pulldown Machine,pw02,3,70,15,,,,,
2026-06-26,Portofino Gym,Weight Room,Seated Leg Press Machine,pw06,1,70,15,,,,,
2026-06-26,Portofino Gym,Weight Room,Seated Leg Press Machine,pw06,2,85,15,,,,,
2026-06-26,Portofino Gym,Weight Room,Seated Leg Press Machine,pw06,3,100,15,,,,,
2026-06-26,Portofino Gym,Weight Room,Seated Leg Press Machine,pw06,4,115,15,,,,,
2026-06-26,Outdoor Aerobics,,Walk,m1782186709718,1,,,66,19,,,
2026-06-26,Portofino Gym,Machines Room,Hip Adduction Machine,pm12,1,60,15,,,,,
2026-06-26,Portofino Gym,Machines Room,Hip Adduction Machine,pm12,2,75,15,,,,,
2026-06-26,Portofino Gym,Machines Room,Hip Adduction Machine,pm12,3,90,15,,,,,
2026-06-26,Portofino Gym,Machines Room,Hip Adduction Machine,pm12,4,102,15,,,,,
2026-06-26,Portofino Gym,Machines Room,Hip Adduction Machine,pm12,5,120,15,,,,,
2026-06-26,Portofino Gym,Machines Room,Hip Adduction Machine,pm12,6,135,15,,,,,
2026-06-25,Outdoor Aerobics,,Walk,m1782186709718,1,,,93,22,,,
2026-06-24,5th Street Gym,,Situp Bench (Incline),f03,1,,20,,,,,
2026-06-24,5th Street Gym,,Situp Bench (Incline),f03,2,,20,,,,,
2026-06-24,5th Street Gym,,Situp Bench (Incline),f03,3,,10,,,,,
2026-06-24,5th Street Gym,,Seated Tricep Dips,f08,1,22,10,,,,,
2026-06-24,5th Street Gym,,Seated Tricep Dips,f08,2,44,10,,,,,
2026-06-24,5th Street Gym,,Seated Tricep Dips,f08,3,66,10,,,,,
2026-06-24,5th Street Gym,,Bench Press,f05,1,44,10,,,,,
2026-06-24,5th Street Gym,,Bench Press,f05,2,88,10,,,,,
2026-06-24,5th Street Gym,,Bench Press,f05,3,88,10,,,,,
2026-06-24,5th Street Gym,,Horizontal Leg Press,f09,1,,10,,,,,
2026-06-24,5th Street Gym,,Horizontal Leg Press,f09,2,,10,,,,,
2026-06-24,5th Street Gym,,Horizontal Leg Press,f09,3,,10,,,,,
2026-06-24,5th Street Gym,,Shoulder Press,f04,1,,10,,,,,
2026-06-24,5th Street Gym,,Shoulder Press,f04,2,15,10,,,,,
2026-06-24,5th Street Gym,,Shoulder Press,f04,3,30,10,,,,,
2026-06-24,5th Street Gym,,Incline Chest Press,f10,1,15,10,,,,,
2026-06-24,5th Street Gym,,Incline Chest Press,f10,2,30,10,,,,,
2026-06-24,Outdoor Aerobics,,Walk,m1782186709718,1,,,60,,,,
2026-06-23,Outdoor Aerobics,,Walk,m1782186709718,1,,,66,28,,,
2026-06-22,5th Street Gym,,Combined Exerciser,f01,1,,10,,,,,
2026-06-22,Outdoor Aerobics,,Walk,m1782186709718,1,,,72,20,,,Approx 20 min avg pace bc I stopped for 5-10 minutes
2026-06-20,Portofino Gym,Machines Room,Hip Adduction Machine,pm12,1,55,10,,,,,
2026-06-20,Portofino Gym,Machines Room,Hip Adduction Machine,pm12,2,70,10,,,,,
2026-06-20,Portofino Gym,Machines Room,Hip Adduction Machine,pm12,3,85,10,,,,,
2026-06-20,Portofino Gym,Machines Room,Glute Isolator,pm14,1,10,10,,,,,
2026-06-20,Portofino Gym,Machines Room,Glute Isolator,pm14,2,30,10,,,,,
2026-06-20,Portofino Gym,Machines Room,Glute Isolator,pm14,3,50,10,,,,,
2026-06-20,Portofino Gym,Machines Room,Seated Leg Curl Machine,pm06,1,15,10,,,,,
2026-06-20,Portofino Gym,Machines Room,Seated Leg Curl Machine,pm06,2,30,10,,,,,
2026-06-20,Portofino Gym,Machines Room,Seated Leg Extension Machine,pm05,1,20,10,,,,,
2026-06-20,Portofino Gym,Machines Room,Seated Leg Extension Machine,pm05,2,35,10,,,,,
2026-06-20,Portofino Gym,Machines Room,Seated Leg Extension Machine,pm05,3,50,,,,,,
2026-06-20,Portofino Gym,Machines Room,Seated Biceps Curl Machine,pm10,1,25,10,,,,,
2026-06-20,Portofino Gym,Machines Room,Seated Biceps Curl Machine,pm10,2,40,10,,,,,
2026-06-20,Portofino Gym,Machines Room,Seated Biceps Curl Machine,pm10,3,55,10,,,,,
2026-06-20,Portofino Gym,Machines Room,Seated Chest Press Machine,pm03,1,50,15,,,,,
2026-06-20,Portofino Gym,Machines Room,Seated Chest Press Machine,pm03,2,65,10,,,,,
2026-06-20,Portofino Gym,Machines Room,Seated Chest Press Machine,pm03,3,80,10,,,,,
2026-06-20,Portofino Gym,Machines Room,Seated Row Machine,pm02,1,40,10,,,,,
2026-06-20,Portofino Gym,Machines Room,Seated Row Machine,pm02,2,55,10,,,,,
2026-06-20,Portofino Gym,Machines Room,Seated Row Machine,pm02,3,70,10,,,,,
2026-06-20,Portofino Gym,Machines Room,Back Extension Bench,pm07,1,,15,,,,,
2026-06-20,Portofino Gym,Machines Room,Back Extension Bench,pm07,2,,15,,,,,
2026-06-20,Portofino Gym,Machines Room,Back Extension Bench,pm07,1,,15,,,,,
2026-06-20,Portofino Gym,Machines Room,Back Extension Bench,pm07,2,,15,,,,,
2026-06-20,Portofino Gym,Machines Room,Pec Fly / Rear Delt Combo,pm04,1,40,10,,,,,Slow!!
2026-06-20,Portofino Gym,Machines Room,Pec Fly / Rear Delt Combo,pm04,2,40,10,,,,,
2026-06-20,Portofino Gym,Machines Room,Pec Fly / Rear Delt Combo,pm04,3,55,10,,,,,
2026-06-20,Portofino Gym,Machines Room,Pec Fly / Rear Delt Combo,pm04,4,55,10,,,,,
2026-06-20,Portofino Gym,Machines Room,Pec Fly / Rear Delt Combo,pm04,5,70,10,,,,,
2026-06-20,Portofino Gym,Machines Room,Pec Fly / Rear Delt Combo,pm04,6,70,10,,,,,
2026-06-20,Portofino Gym,Machines Room,Adjustable Decline Abdominal Bench,pm01,1,,10,,,,,
2026-06-20,Portofino Gym,Machines Room,Adjustable Decline Abdominal Bench,pm01,2,,15,,,,,
2026-06-20,Portofino Gym,Machines Room,Adjustable Decline Abdominal Bench,pm01,3,,10,,,,,